{"cameraMode":{"drawMode":0,"name":"Shaded","section":"Shading Mode"},"sceneLighting":true,"audioPlay":false,"sceneViewState":{"showFog":true,"showMaterialUpdate":true,"showSkybox":true,"showFlares":true,"showImageEffects":true,"showParticleSystems":true},"in2DMode":false,"pivot":{"x":-2.6413493156433107,"y":174.926025390625,"z":-5.959673881530762},"rotation":{"x":0.7039546370506287,"y":-0.03827957063913345,"z":0.03805055841803551,"w":0.7081912159919739},"size":-89.56446075439453,"orthographic":false}